{"cpu_usage": 8.8, "memory_usage": 65.2, "disk_usage": 44.9, "timestamp": 1735117944.3528006}
{"cpu_usage": 15.0, "memory_usage": 65.7, "disk_usage": 44.9, "timestamp": 1735117967.7820358}
{"cpu_usage": 12.3, "memory_usage": 66.3, "disk_usage": 44.9, "timestamp": 1735117991.177255}
