{"cpu_usage": 14.8, "memory_usage": 44.7, "disk_usage": 46.6, "timestamp": 1735048909.2846656}
{"cpu_usage": 6.0, "memory_usage": 44.4, "disk_usage": 46.6, "timestamp": 1735048932.9909258}
{"cpu_usage": 6.1, "memory_usage": 44.5, "disk_usage": 46.6, "timestamp": 1735048956.9893587}
{"cpu_usage": 10.3, "memory_usage": 45.5, "disk_usage": 46.6, "timestamp": 1735048980.4812334}
{"cpu_usage": 13.3, "memory_usage": 45.0, "disk_usage": 46.6, "timestamp": 1735049034.9327784}
{"cpu_usage": 6.1, "memory_usage": 44.7, "disk_usage": 46.6, "timestamp": 1735049063.8481243}
{"cpu_usage": 17.0, "memory_usage": 45.0, "disk_usage": 46.6, "timestamp": 1735049358.0363986}
{"cpu_usage": 15.5, "memory_usage": 45.0, "disk_usage": 46.6, "timestamp": 1735049386.4105065}
{"cpu_usage": 7.3, "memory_usage": 44.3, "disk_usage": 46.6, "timestamp": 1735049414.171556}
{"cpu_usage": 6.7, "memory_usage": 43.7, "disk_usage": 46.6, "timestamp": 1735049441.768535}
{"cpu_usage": 51.6, "memory_usage": 46.0, "disk_usage": 44.7, "timestamp": 1735058023.8230567}
{"cpu_usage": 18.0, "memory_usage": 47.9, "disk_usage": 44.7, "timestamp": 1735058047.7932737}
{"cpu_usage": 12.2, "memory_usage": 46.9, "disk_usage": 44.7, "timestamp": 1735058071.6683335}
{"cpu_usage": 14.9, "memory_usage": 45.5, "disk_usage": 44.7, "timestamp": 1735058095.2779825}
{"cpu_usage": 10.1, "memory_usage": 45.8, "disk_usage": 44.7, "timestamp": 1735058118.9138386}
{"cpu_usage": 9.7, "memory_usage": 45.4, "disk_usage": 44.7, "timestamp": 1735058142.6305099}
{"cpu_usage": 14.6, "memory_usage": 46.4, "disk_usage": 44.7, "timestamp": 1735058166.3078897}
{"cpu_usage": 19.3, "memory_usage": 43.0, "disk_usage": 44.7, "timestamp": 1735101529.4304566}
{"cpu_usage": 13.0, "memory_usage": 43.7, "disk_usage": 44.7, "timestamp": 1735101553.1196728}
{"cpu_usage": 7.6, "memory_usage": 43.0, "disk_usage": 44.7, "timestamp": 1735101576.8783226}
{"cpu_usage": 13.4, "memory_usage": 44.2, "disk_usage": 44.7, "timestamp": 1735101600.6084056}
{"cpu_usage": 9.2, "memory_usage": 44.0, "disk_usage": 44.7, "timestamp": 1735101624.5598862}
{"cpu_usage": 10.2, "memory_usage": 44.0, "disk_usage": 44.7, "timestamp": 1735101648.2396626}
{"cpu_usage": 10.8, "memory_usage": 43.9, "disk_usage": 44.7, "timestamp": 1735101672.2398026}
{"cpu_usage": 9.5, "memory_usage": 43.4, "disk_usage": 44.7, "timestamp": 1735101695.9200094}
{"cpu_usage": 17.0, "memory_usage": 43.2, "disk_usage": 44.7, "timestamp": 1735101708.617899}
{"cpu_usage": 8.3, "memory_usage": 43.2, "disk_usage": 44.7, "timestamp": 1735101732.716049}
{"cpu_usage": 52.5, "memory_usage": 47.9, "disk_usage": 44.8, "timestamp": 1735200662.7583902}
{"cpu_usage": 14.7, "memory_usage": 47.3, "disk_usage": 44.8, "timestamp": 1735200686.5081377}
{"cpu_usage": 11.4, "memory_usage": 46.1, "disk_usage": 44.8, "timestamp": 1735200709.9012127}
{"cpu_usage": 11.8, "memory_usage": 45.5, "disk_usage": 44.9, "timestamp": 1735200733.3266428}
{"cpu_usage": 13.5, "memory_usage": 45.4, "disk_usage": 44.9, "timestamp": 1735200756.7109277}
{"cpu_usage": 9.5, "memory_usage": 45.7, "disk_usage": 44.8, "timestamp": 1735200780.089441}
{"cpu_usage": 8.3, "memory_usage": 45.1, "disk_usage": 44.9, "timestamp": 1735200803.5739343}
{"cpu_usage": 11.5, "memory_usage": 45.7, "disk_usage": 44.9, "timestamp": 1735200827.028842}
{"cpu_usage": 9.1, "memory_usage": 45.8, "disk_usage": 44.9, "timestamp": 1735200850.5100572}
{"cpu_usage": 10.8, "memory_usage": 46.2, "disk_usage": 44.9, "timestamp": 1735200874.2144074}
{"cpu_usage": 19.2, "memory_usage": 55.0, "disk_usage": 44.9, "timestamp": 1735203315.6148071}
{"cpu_usage": 14.5, "memory_usage": 55.6, "disk_usage": 44.9, "timestamp": 1735203339.1628828}
{"cpu_usage": 7.7, "memory_usage": 55.8, "disk_usage": 44.9, "timestamp": 1735203362.6190655}
{"cpu_usage": 12.2, "memory_usage": 55.9, "disk_usage": 44.9, "timestamp": 1735203386.266975}
{"cpu_usage": 8.5, "memory_usage": 55.5, "disk_usage": 44.9, "timestamp": 1735203409.6960297}
{"cpu_usage": 11.9, "memory_usage": 55.2, "disk_usage": 44.9, "timestamp": 1735203433.1332064}
